,WindowId,Min,Max,Mean,Iqr,Std,Var,Pp,Rms,Cf,Mac,Energy
0,1.0,267.94736842105266,268.42105263157896,268.3157894736842,0.09210526315791867,0.16918685545600978,0.028624192059092748,0.47368421052630083,268.3158428141702,1.0003921118347143,0.11403508771930622,71993.39150507849
1,2.0,268.3157894736842,268.42105263157896,268.3859649122807,0.05263157894739834,0.03922926276315956,0.001538935056941017,0.10526315789473983,268.38596777929916,1.0001307253600853,0.05263157894737939,72031.02770083102
2,3.0,268.3157894736842,268.42105263157896,268.39473684210526,0.03947368421052033,0.04019803241189758,0.0016158818097879685,0.10526315789473983,268.3947398523763,1.0000980376113822,0.05263157894737939,72035.73638042476
3,4.0,268.36842105263156,268.42105263157896,268.41228070175436,0.0,0.01961463138158825,0.0003847337642355866,0.05263157894739834,268.41228141843874,1.0000326781363873,0.01754385964913278,72045.15281625117
4,5.0,268.42105263157896,268.42105263157896,268.42105263157896,0.0,0.0,0.0,0.0,268.42105263157896,1.0,0.0,72049.86149584489
5,6.0,268.42105263157896,268.42105263157896,268.42105263157896,0.0,0.0,0.0,0.0,268.42105263157896,1.0,0.0,72049.86149584489
6,7.0,268.36842105263156,268.42105263157896,268.40350877192986,0.03947368421052033,0.024810764252173666,0.0006155740227769387,0.05263157894739834,268.4035099186623,1.0000653594765656,0.00877192982456639,72040.44413665743
7,8.0,268.36842105263156,268.42105263157896,268.3859649122807,0.03947368421052033,0.024810764252173666,0.0006155740227769387,0.05263157894739834,268.38596605908805,1.0001307317703907,0.00877192982456639,72031.02677746998
8,9.0,268.1578947368421,268.36842105263156,268.3070175438597,0.118421052631561,0.08815680369404022,0.007771622037549543,0.21052631578947967,268.30703202656287,1.0002288014056322,0.03508771929824661,71988.66343490304
9,10.0,267.89473684210526,268.36842105263156,268.16666666666663,0.28947368421052033,0.17565775784649248,0.03085564789165699,0.47368421052630083,268.1667241973899,1.0007521323006996,0.07894736842105014,71913.391966759
10,11.0,267.1578947368421,268.2105263157895,267.79824561403507,0.618421052631561,0.3966813703366741,0.1573561095721816,1.0526315789473983,267.7985394098792,1.0015384210340286,0.17543859649123306,71716.05771006463
11,12.0,266.8421052631579,268.0,267.36842105263156,0.7631578947368212,0.4424393057164306,0.19575253924283711,1.1578947368420813,267.3687871250429,1.0023608323235647,0.1929824561403469,71486.06832871652
12,13.0,266.7894736842105,267.36842105263156,266.98245614035085,0.3026315789473415,0.2141500985216337,0.045860264696825415,0.5789473684210407,266.98254202662594,1.0014453343019227,0.09649122807017345,71279.67774699908
13,14.0,266.6842105263158,266.94736842105266,266.7894736842106,0.118421052631561,0.09116056881942812,0.00831024930748169,0.263157894736878,266.78948925875505,1.0005917742964172,0.043859649122813,71176.63157894737
14,15.0,266.4736842105263,266.7894736842105,266.67543859649123,0.118421052631561,0.10707504926082306,0.011465066174207686,0.3157894736842195,266.6754600927823,1.0004275368696787,0.05263157894736992,71115.80101569714
15,16.0,266.3157894736842,266.6842105263158,266.5438596491228,0.1973684210526585,0.13475694294506219,0.018159433671898744,0.368421052631561,266.5438937137464,1.0005264304149473,0.06140350877192683,71045.64727608494
16,17.0,266.3157894736842,266.63157894736844,266.4210526315789,0.15789473684208133,0.11768778828946172,0.013850415512465164,0.3157894736842195,266.4210786250481,1.000790103858924,0.05263157894736992,70980.19113573407
17,18.0,266.2105263157895,266.4736842105263,266.3333333333333,0.03947368421052033,0.07845852552630005,0.006155740227761076,0.26315789473682116,266.3333448897916,1.000526931093787,0.06140350877191736,70933.45060018467
18,19.0,265.7368421052632,266.36842105263156,266.1491228070176,0.3026315789473415,0.23025271488431723,0.05301631271159868,0.6315789473683822,266.1492224058857,1.000823593038388,0.11403508771928728,70835.40858725763
19,20.0,265.42105263157896,266.36842105263156,265.87719298245617,0.5263157894736992,0.33517496797443025,0.11234225915666034,0.9473684210526017,265.8774042495702,1.0018467789861543,0.1578947368421003,70690.79409048938
20,21.0,264.94736842105266,265.94736842105266,265.47368421052636,0.4342105263157805,0.3300857495127508,0.10895660203139448,1.0,265.4738894221281,1.001783523795712,0.16666666666666666,70476.38596491229
21,22.0,264.1578947368421,265.57894736842104,264.9561403508772,0.8157894736841627,0.5151595389482854,0.26538935056940993,1.4210526315789593,264.9566411679169,1.002348709576635,0.23684210526315988,70202.0216989843
22,23.0,264.0,265.2105263157895,264.46491228070175,0.7368421052631788,0.4602547235910621,0.211834410587885,1.2105263157894797,264.46531277664724,1.002817812027287,0.2105263157894702,69941.90166204986
23,24.0,263.94736842105266,264.42105263157896,264.0964912280702,0.13157894736838216,0.15910839602821933,0.02531548168667268,0.47368421052630083,264.09653915653615,1.001228768374168,0.09649122807016397,69746.98199445983
24,25.0,263.6842105263158,264.05263157894734,263.9298245614035,0.09210526315791867,0.1202746421122983,0.014465989535241438,0.368421052631561,263.9298519663942,1.0004651978987538,0.07017543859648374,69658.96675900277
25,26.0,263.42105263157896,264.0,263.7456140350877,0.36842105263161784,0.21789021663814298,0.04747614650661688,0.5789473684210407,263.74570403874253,1.000964171007768,0.09649122807017345,69561.79639889197
26,27.0,263.2631578947368,263.89473684210526,263.5263157894737,0.26315789473682116,0.21052631578947728,0.04432132963989071,0.631578947368439,263.52639988225667,1.0013977231883149,0.12280701754386314,69446.16343490305
27,28.0,263.2631578947368,263.5263157894737,263.39473684210526,0.131578947368439,0.08988553303474003,0.008079409048939341,0.263157894736878,263.3947521791786,1.000499492147078,0.09649122807017345,69376.79547553093
28,29.0,263.2631578947368,263.4736842105263,263.3771929824561,0.09210526315791867,0.07072155919560508,0.005001538935057473,0.21052631578947967,263.37720247746745,1.0003663253013217,0.06140350877191736,69367.55078485688
29,30.0,262.7894736842105,263.4736842105263,263.2631578947368,0.22368421052635767,0.23537557657892982,0.05540166204986366,0.6842105263157805,263.26326311578526,1.0007992801283805,0.14035087719297698,69307.5457063712
30,31.0,262.1578947368421,263.42105263157896,262.9736842105263,0.5394736842105203,0.4358687104843909,0.18998153277932578,1.263157894736878,262.974045428043,1.001699814910663,0.24561403508772628,69155.3485687904
31,32.0,260.4736842105263,263.1578947368421,262.10526315789474,1.4605263157894797,0.9799466697381737,0.9602954755309372,2.6842105263157805,262.10709504045246,1.004009047127196,0.4824561403508767,68700.12927054477
32,33.0,260.05263157894734,262.89473684210526,261.14035087719293,1.7105263157894797,1.065563834320016,1.1354262850107746,2.8421052631579187,261.1425248452432,1.0067097918958257,0.4824561403508862,68195.41828254847
33,34.0,260.0,261.1578947368421,260.3508771929824,0.36842105263161784,0.39580751483081783,0.15666358879654807,1.1578947368420813,260.3511780629084,1.0030985712449465,0.2631578947368496,67782.73591874422
34,35.0,259.7894736842105,260.3157894736842,260.0263157894737,0.17105263157895934,0.16574073357624242,0.02746999076639097,0.5263157894736992,260.02636861102735,1.0011130442816352,0.16666666666667615,67613.71237303787
35,36.0,259.5263157894737,260.3157894736842,259.8684210526316,0.26315789473682116,0.2501153934979524,0.06255771006463558,0.7894736842105203,259.86854141680533,1.0017210550166653,0.2105263157894702,67531.65881809787
36,37.0,259.0,259.89473684210526,259.6228070175439,0.26315789473682116,0.30298098314334365,0.09179747614650709,0.8947368421052602,259.62298380756846,1.0010467217907726,0.2543859649122832,67404.09372114496
37,38.0,258.10526315789474,259.8421052631579,259.061403508772,1.2368421052631788,0.6898664119660296,0.47591566635888366,1.7368421052631788,259.0623220454899,1.003010021725703,0.34210526315789974,67113.28670360112
38,39.0,256.89473684210526,259.8421052631579,258.2543859649123,1.1710526315789593,0.9625569339166926,0.9265158510311041,2.9473684210526585,258.25617976336,1.0061409004859092,0.49122807017544307,66696.25438596493
39,40.0,255.68421052631578,258.2105263157895,257.0877192982456,1.6052631578947398,0.9413388368629061,0.8861188057864089,2.526315789473699,257.0894426707937,1.0043606755429135,0.42105263157894984,66094.9815327793
40,41.0,254.26315789473685,257.4736842105263,255.93859649122805,1.4210526315789593,1.0645885227090737,1.1333487226838879,3.2105263157894512,255.9408105844442,1.005989172350364,0.5350877192982418,65505.69852262235
41,42.0,249.94736842105263,256.1578947368421,253.85087719298247,3.0657894736842195,2.222070247188653,4.937596183441042,6.210526315789451,253.86060239397153,1.0090494244526582,1.035087719298242,64445.20544783011
42,43.0,246.26315789473685,255.1578947368421,250.96491228070172,4.986842105263179,3.156091102860262,9.960911049553705,8.89473684210526,250.9847567226143,1.0166270576297982,1.4824561403508767,62993.34810710989
43,44.0,243.05263157894737,251.89473684210526,247.3157894736842,4.60526315789474,3.059127993604673,9.358264081255752,8.84210526315789,247.33470841568706,1.0184366701124465,1.473684210526315,61174.45798707294
44,45.0,240.3684210526316,248.26315789473685,244.00877192982458,3.828947368421069,2.6837661597550264,7.202600800246242,7.89473684210526,244.02353038078394,1.0173738471340745,1.31578947368421,59547.483379501384
45,46.0,235.42105263157896,244.47368421052633,240.52631578947367,3.94736842105263,3.0176458571092946,9.106186518928888,9.05263157894737,240.54524475403073,1.0163313952038944,1.5087719298245617,57862.01477377655
46,47.0,232.42105263157896,241.6315789473684,237.10526315789477,5.039473684210549,3.253664742516406,10.58633425669435,9.210526315789451,237.1275862303482,1.0189939634971235,1.535087719298242,56229.492151431215
47,48.0,228.47368421052633,238.21052631578948,233.22807017543857,4.40789473684211,3.253333636074639,10.584179747614632,9.73684210526315,233.25075969331147,1.0212636676039097,1.6228070175438585,54405.916897506926
48,49.0,226.05263157894737,234.57894736842104,229.76315789473685,4.671052631578959,3.0215828741834345,9.129963065558625,8.52631578947367,229.78302524082872,1.0208715248768523,1.4210526315789451,52800.238688827325
49,50.0,225.3684210526316,230.26315789473685,227.11403508771934,2.2368421052631504,1.7292275045199919,2.9902277623884386,4.89473684210526,227.12061809001003,1.013836435596003,0.8157894736842101,51583.775161588186
50,51.0,225.3684210526316,226.78947368421052,225.93859649122805,0.3947368421052886,0.4490851135498295,0.20167743921206324,1.421052631578931,225.93904280107319,1.0037639837391277,0.4210526315789451,51048.45106186518
51,52.0,225.21052631578948,226.05263157894737,225.58771929824562,0.3026315789473699,0.26908529210838256,0.07240689442905357,0.8421052631578902,225.58787978319776,1.002060180698521,0.3684210526315705,50889.89150507849
52,53.0,225.21052631578948,226.05263157894737,225.54385964912277,0.23684210526315042,0.26779539513111605,0.07171437365343057,0.8421052631578902,225.54401863006,1.0022550495995266,0.22807017543858876,50870.10433979685
53,54.0,225.21052631578948,225.68421052631578,225.43859649122808,0.19736842105260166,0.15691705105260856,0.02462296091104696,0.47368421052630083,225.43865110245773,1.001089251655194,0.1491228070175339,50822.58541089566
54,55.0,225.31578947368422,225.89473684210526,225.57894736842104,0.27631578947367075,0.19925994195789873,0.039704524469065174,0.5789473684210407,225.57903537423275,1.0013995159938014,0.16666666666666194,50885.90120036934
55,56.0,225.10526315789474,225.89473684210526,225.56140350877195,0.25,0.255442452255452,0.06525084641427886,0.7894736842105203,225.56154814970887,1.0014771520018795,0.21929824561403186,50878.01200369344
56,57.0,224.42105263157896,225.89473684210526,225.26315789473685,0.7631578947368212,0.5201391958025764,0.2705447830101509,1.4736842105263008,225.26375840221647,1.002801065046434,0.24561403508771681,50743.76084949215
57,58.0,223.8421052631579,225.6315789473684,224.6578947368421,0.8552631578947398,0.6067867931761818,0.3681902123730344,1.7894736842105203,224.6587141817615,1.0043304118834215,0.2982456140350867,50471.5378578024
58,59.0,223.3684210526316,224.8421052631579,224.07894736842107,0.48684210526317884,0.4645811465566775,0.21583564173591704,1.4736842105263008,224.07942897415046,1.0034035979674663,0.2631578947368401,50211.59048938134
59,60.0,223.1578947368421,224.10526315789474,223.6052631578947,0.5921052631578902,0.35664125175887584,0.12719298245613786,0.9473684210526301,223.6055475718208,1.002234808534495,0.1754385964912283,49999.44090489382
60,61.0,222.05263157894737,223.89473684210526,223.07894736842104,0.5000000000000284,0.5715233729565597,0.3266389658356429,1.8421052631578902,223.07967948239616,1.003653660259869,0.30701754385964836,49764.543397968606
61,62.0,221.73684210526315,223.26315789473685,222.44736842105263,1.2368421052631504,0.6350416771136279,0.4032779316712892,1.5263157894736992,222.44827487616797,1.0036632471931846,0.2543859649122832,49483.23499538319
62,63.0,221.31578947368422,222.73684210526315,221.83333333333334,0.47368421052630083,0.46919575860758544,0.2201446598953476,1.421052631578931,221.83382952660236,1.0040706711892764,0.23684210526315516,49210.24792243767
63,64.0,220.52631578947367,221.73684210526315,221.2719298245614,0.6578947368421098,0.43868420175614237,0.19244382887042383,1.2105263157894797,221.27236468234008,1.0020991207988845,0.20175438596491327,48961.4593721145
64,65.0,219.73684210526315,221.42105263157896,220.66666666666666,1.0,0.6112719786029653,0.3736534318251841,1.684210526315809,220.66751331179134,1.0034148176524875,0.28070175438596817,48694.151431209604
65,66.0,218.26315789473685,220.89473684210526,219.73684210526315,1.315789473684191,0.9110990998314897,0.8301015697137509,2.6315789473684106,219.73873095101618,1.0052608199113828,0.43859649122806843,48285.10987996307
66,67.0,217.73684210526315,220.10526315789474,218.78070175438597,1.4999999999999716,0.8882201624262971,0.7889350569405976,2.3684210526315894,218.78250477403014,1.0060459970747242,0.3947368421052649,47865.78439519852
67,68.0,217.05263157894737,218.89473684210526,217.90350877192978,0.6052631578947398,0.5784820032911434,0.3346414281317345,1.8421052631578902,217.9042766366613,1.004545391310036,0.30701754385964836,47482.27377654662
68,69.0,216.73684210526315,217.94736842105263,217.30701754385964,0.7894736842105203,0.4562246885595029,0.2081409664512154,1.2105263157894797,217.30749645323738,1.0029445462225595,0.20175438596491327,47222.548014773776
69,70.0,216.57894736842104,217.52631578947367,216.90350877192984,0.3026315789473699,0.31493549247396874,0.09918436441982122,0.9473684210526301,216.90373740887696,1.0028702980780047,0.157894736842105,47047.23130193906
70,71.0,216.57894736842104,217.0,216.80701754385964,0.2631578947368496,0.15691705105262127,0.02462296091105095,0.42105263157895934,216.80707432928563,1.0008898495185694,0.11403508771930149,47005.30747922438
71,72.0,216.57894736842104,217.1578947368421,216.92105263157896,0.3157894736842195,0.2143296793486134,0.045937211449679445,0.5789473684210691,216.92115851618462,1.0010913468389937,0.11403508771930149,47054.7890120037
72,73.0,216.3684210526316,217.1578947368421,216.90350877192986,0.23684210526315042,0.2656316478899405,0.07056017236072532,0.7894736842105203,216.9036714252366,1.0011720562862538,0.157894736842105,47047.202677747
73,74.0,216.0,217.1578947368421,216.57894736842104,0.8947368421052602,0.4677997061745046,0.21883656509695285,1.1578947368421098,216.579452579829,1.0026708081035522,0.20175438596491327,46906.659279778396
74,75.0,215.68421052631578,216.78947368421052,216.09649122807016,0.5263157894736992,0.3884489443067487,0.15089258233302755,1.1052631578947398,216.0968403602092,1.0032051987564778,0.18421052631578996,46697.84441366574
75,76.0,214.10526315789474,216.05263157894737,215.4298245614035,0.7105263157894797,0.67566640040883,0.4565250846414253,1.94736842105263,215.43088412676985,1.0028860646174187,0.32456140350877166,46410.46583564174
76,77.0,213.21052631578948,215.68421052631578,214.57894736842104,1.69736842105263,0.9551338658818347,0.9122807017543786,2.473684210526301,214.5810731039468,1.0051408887392161,0.41228070175438347,46045.03693444136
77,78.0,212.6315789473684,215.05263157894737,213.59649122807014,1.078947368421069,0.8213824498750643,0.6746691289627624,2.4210526315789593,213.59807052984354,1.0068098042528928,0.40350877192982654,45624.13573407202
78,79.0,212.47368421052633,213.73684210526315,212.89473684210523,0.6052631578947398,0.4537725318027168,0.20590951061864765,1.2631578947368212,212.89522043620397,1.0039532201208405,0.2105263157894702,45324.37488457988
79,80.0,212.1578947368421,212.8421052631579,212.48245614035088,0.23684210526315042,0.21789021663813934,0.047476146506615295,0.6842105263157805,212.48256785812487,1.001692079536958,0.11403508771929675,45148.841643582644
80,81.0,212.1578947368421,212.47368421052633,212.30701754385964,0.2500000000000284,0.13040411181858708,0.017005232379194563,0.3157894736842195,212.30705759253766,1.0007848378658635,0.07017543859649322,45074.28670360111
81,82.0,212.1578947368421,212.57894736842104,212.33333333333334,0.28947368421052033,0.1655084409132659,0.027393044013540025,0.4210526315789309,212.33339783813676,1.0011564338572467,0.09649122807017345,45085.47183748846
82,83.0,212.1578947368421,212.94736842105263,212.56140350877195,0.48684210526317884,0.29251459650057704,0.0855647891658954,0.7894736842105203,212.5616047794336,1.0018148321848592,0.13157894736842005,45182.435826408124
83,84.0,212.52631578947367,213.05263157894737,212.8421052631579,0.36842105263161784,0.21270799391197343,0.04524469067405612,0.5263157894736992,212.84221155011488,1.0009886198198188,0.08771929824561653,45301.807017543855
84,85.0,212.52631578947367,213.05263157894737,212.90350877192986,0.11842105263158942,0.1782666792359838,0.031779008925825136,0.5263157894736992,212.90358340433852,1.0007000735836644,0.11403508771930149,45327.93582640813
85,86.0,212.05263157894737,213.05263157894737,212.64912280701753,0.6973684210526585,0.3946393641825255,0.15574022776238797,1.0,212.6494889973211,1.0018958079021358,0.16666666666666666,45219.80517082179
86,87.0,211.3684210526316,212.94736842105263,212.1842105263158,0.48684210526317884,0.4906795182788374,0.2407663896583519,1.5789473684210407,212.18477787783354,1.0035939927022388,0.2631578947368401,45022.37996306556
87,88.0,210.3684210526316,212.26315789473685,211.49122807017545,0.9736842105263293,0.669660866104992,0.448445675592488,1.8947368421052602,211.49228826675113,1.0036449065557107,0.31578947368421,44728.98799630656
88,89.0,208.0,211.94736842105263,210.33333333333334,1.6447368421052602,1.3184767879337496,1.7383810403200977,3.94736842105263,210.3374657357824,1.0076539035955323,0.657894736842105,44241.849492151436
89,90.0,205.31578947368422,210.94736842105263,208.42105263157896,3.2236842105263293,2.019983269725843,4.080332409972307,5.631578947368411,208.43084107795892,1.0120736803156327,0.9385964912280684,43443.41551246537
90,91.0,202.26315789473685,209.3684210526316,205.859649122807,3.5394736842105203,2.425561527292991,5.883348722683908,7.10526315789474,205.87393833530243,1.0169738955089973,1.18421052631579,42384.07848568791
91,92.0,199.57894736842104,206.52631578947367,202.9824561403509,3.94736842105263,2.4708207889046427,6.104955370883361,6.94736842105263,202.9974937188643,1.0173835745750464,1.157894736842105,41207.98245614035
92,93.0,196.42105263157896,203.68421052631578,200.12280701754386,3.2368421052631504,2.4112437962847206,5.814096645121551,7.263157894736821,200.13733281231222,1.0177222193588928,1.2105263157894701,40054.951985226224
93,94.0,193.57894736842104,200.52631578947367,197.16666666666666,4.171052631578959,2.5220022872884815,6.360495537088332,6.94736842105263,197.18279575049525,1.0169564490971572,1.157894736842105,38881.05493998153
94,95.0,188.68421052631578,198.26315789473685,193.78070175438597,4.250000000000028,3.1874952851219565,10.160126192674703,9.578947368421069,193.80691550771598,1.022993206281349,1.5964912280701782,37561.12049861496
95,96.0,187.47368421052633,194.6315789473684,190.50877192982455,5.10526315789474,2.825596410566767,7.983995075407797,7.157894736842081,190.52972518031225,1.021528681486179,1.1929824561403468,36301.576177285315
96,97.0,186.89473684210526,191.10526315789474,188.16666666666666,1.0921052631578618,1.4237844653440357,2.0271622037550014,4.21052631578948,188.1720532030413,1.0155879149157632,0.7017543859649132,35408.7216066482
97,98.0,186.47368421052633,187.57894736842104,187.07894736842107,0.6052631578947398,0.39239068853236697,0.15397045244690502,1.1052631578947114,187.0793588799387,1.0026704629066159,0.18421052631578524,34998.6865189289
98,99.0,186.47368421052633,187.26315789473685,186.84210526315792,0.3026315789473699,0.2542346797577098,0.06463527239150525,0.7894736842105203,186.8422782307082,1.0022525932996222,0.21929824561403186,34910.03693444137
99,100.0,186.47368421052633,193.0,188.3947368421053,2.934210526315809,2.4782991665662117,6.14196675900278,6.526315789473671,188.4110369287455,1.0243561266158203,1.140350877192977,35498.718836565095
100,101.0,186.6315789473684,199.73684210526315,192.1578947368421,7.460526315789451,4.720732841366559,22.28531855955678,13.10526315789474,192.21587298726098,1.0391277213536918,2.18421052631579,36946.94182825485
101,102.0,190.47368421052633,206.10526315789474,197.94736842105263,7.85526315789474,5.355764233637975,28.68421052631577,15.63157894736841,198.0198093003482,1.0408315404712003,2.605263157894735,39211.844875346265
102,103.0,196.10526315789474,211.42105263157896,204.13157894736844,8.0263157894737,5.3154203450091035,28.253693444136697,15.31578947368422,204.20077183250274,1.0353587341236825,2.55263157894737,41697.955216989845
103,104.0,202.26315789473685,213.05263157894737,209.1315789473684,5.578947368421041,3.8800993314335788,15.055170821791306,10.78947368421052,209.16757034454739,1.0185739176871462,1.7982456140350866,43751.07248384118
104,105.0,209.1578947368421,213.94736842105263,212.359649122807,1.8421052631578902,1.6513842277470052,2.727069867651573,4.78947368421052,212.36606990154846,1.0074460977699369,0.8245614035087717,45099.34764542936
105,106.0,212.78947368421052,213.94736842105263,213.5,0.5657894736841911,0.4240572619393612,0.17982456140350803,1.1578947368421098,213.5004211343889,1.0020934257847782,0.23684210526315988,45582.429824561405
106,107.0,212.8421052631579,213.94736842105263,213.58771929824562,0.21052631578947967,0.3562094825306485,0.12688519544475238,1.1052631578947398,213.5880163310236,1.0016824543633203,0.18421052631578996,45619.840720221604
107,108.0,212.0,213.73684210526315,213.02631578947367,1.1578947368420813,0.6717832280191447,0.45129270544782213,1.7368421052631504,213.0273750285207,1.0033304033185757,0.28947368421052505,45380.66251154201
108,109.0,210.89473684210526,213.52631578947367,212.2017543859649,1.0394736842105203,0.849429044386049,0.7215297014465964,2.6315789473684106,212.2034544822087,1.0062339291812794,0.43859649122806843,45030.30609418283
109,110.0,210.78947368421052,212.3684210526316,211.4473684210526,0.9605263157894797,0.5866709686738972,0.3441828254847689,1.578947368421069,211.4481822930002,1.0043520769469478,0.30701754385965313,44710.333795013845
110,111.0,210.78947368421052,213.47368421052633,211.66666666666666,1.1184210526315894,0.9408482580906674,0.8851954447522431,2.684210526315809,211.66875766920003,1.0085271277688843,0.5789473684210549,44803.66297322253
111,112.0,210.78947368421052,217.68421052631578,213.44736842105263,3.631578947368439,2.4626011516550874,6.064404432132963,6.89473684210526,213.4615738026512,1.0197817183132383,1.1491228070175434,45565.84349030471
112,113.0,212.21052631578948,218.47368421052633,215.94736842105263,4.223684210526301,2.434743896046394,5.927977839335174,6.26315789473685,215.96109350023485,1.011634460029666,1.0614035087719316,46639.19390581718
113,114.0,215.47368421052633,218.52631578947367,217.80701754385964,0.6052631578947683,1.0797671967318647,1.1658971991381895,3.0526315789473415,217.80969397285864,1.003290128201109,0.5614035087719268,47441.06278855033
114,115.0,217.94736842105263,218.52631578947367,218.29824561403507,0.2500000000000284,0.1961463138157711,0.038473376423514956,0.5789473684210407,218.2983337351479,1.0010443600298038,0.1929824561403469,47654.16251154201
115,116.0,217.94736842105263,219.10526315789474,218.4298245614035,0.32894736842104066,0.3639029563630085,0.13242536164973767,1.1578947368421098,218.4301276914134,1.0030908532335574,0.32456140350876694,47711.72068328716
116,117.0,217.94736842105263,220.89473684210526,219.0701754385965,1.368421052631561,1.0195080860187808,1.0393967374576778,2.94736842105263,219.07254771749678,1.0083177428828658,0.49122807017543835,47992.781163434905
117,118.0,218.52631578947367,222.89473684210526,220.53508771929822,2.4473684210526017,1.5534243193782276,2.4131271160357097,4.368421052631589,220.54055872440924,1.010674581271184,0.7280701754385982,48638.1380424746
118,119.0,219.78947368421052,223.8421052631579,222.14912280701753,2.1578947368421098,1.4341233408770215,2.0567097568482695,4.05263157894737,222.15375187847766,1.007599931895833,0.6754385964912283,49352.28947368421
119,120.0,222.0,224.57894736842104,223.52631578947367,1.1973684210526585,0.8801703855867312,0.7746999076638951,2.5789473684210407,223.52804868813035,1.0047014175020017,0.4298245614035068,49964.788550323174
120,121.0,223.47368421052633,225.21052631578948,224.40350877192986,0.881578947368439,0.599835824465919,0.3598030163127088,1.7368421052631504,224.40431045808788,1.0035926932778423,0.28947368421052505,50357.29455216989
121,122.0,224.3684210526316,225.57894736842104,225.01754385964912,0.6973684210526585,0.4347197085390822,0.18898122499230458,1.2105263157894512,225.01796378479233,1.0024930613280514,0.20175438596490855,50633.08402585411
122,123.0,224.94736842105263,225.89473684210526,225.42105263157893,0.28947368421052033,0.29461150217099236,0.08679593721144864,0.9473684210526301,225.42124515108662,1.0021004750049236,0.19298245614034215,50814.7377654663
123,124.0,224.52631578947367,225.89473684210526,225.3947368421053,0.118421052631561,0.4185782558049217,0.17520775623269047,1.3684210526315894,225.39512551046465,1.002216602202506,0.34210526315788553,50802.96260387811
124,125.0,222.68421052631578,225.89473684210526,224.62280701754386,1.578947368421069,1.1338885718275131,1.2857032933210375,3.2105263157894797,224.62566891549608,1.0056497012684984,0.6052631578947351,50456.691135734065
125,126.0,219.73684210526315,225.47368421052633,222.83333333333334,2.973684210526301,1.9970931476323557,3.98838104032011,5.736842105263179,222.84228240054614,1.0118083596238276,0.9561403508771965,49658.68282548476
126,127.0,218.57894736842104,223.68421052631578,220.80701754385964,2.8552631578947114,1.8395136322411363,3.3838104032009784,5.10526315789474,220.81467978152526,1.0129951991762036,0.8508771929824567,48759.122807017535
127,128.0,217.52631578947367,220.89473684210526,218.97368421052633,1.5921052631578902,1.1465754542948805,1.3146352723915116,3.3684210526315894,218.97668600105283,1.0087591554885582,0.5614035087719316,47950.78901200369
128,129.0,217.1578947368421,219.26315789473685,217.92105263157896,1.1447368421052602,0.7703832193844448,0.5934903047091415,2.10526315789474,217.92241433675449,1.0061523894275075,0.3508771929824566,47490.1786703601
129,130.0,217.1578947368421,218.1578947368421,217.57017543859646,0.5263157894736707,0.35620948253064744,0.12688519544475163,1.0,217.57046703442333,1.0026999422781302,0.2807017543859634,47336.908125577094
130,131.0,217.1578947368421,218.89473684210526,217.93859649122805,1.2894736842105203,0.6912035795821695,0.47776238842720453,1.7368421052631504,217.93969258250036,1.0043821492463718,0.28947368421052505,47497.70960295476
131,132.0,217.57894736842104,221.1578947368421,219.05263157894737,1.3157894736842195,1.1682155659358975,1.3647276084949291,3.578947368421069,219.0557466246219,1.009596407054422,0.5964912280701782,47985.42012927055
132,133.0,218.68421052631578,224.05263157894737,220.92105263157893,3.328947368421069,2.0013268913264657,4.005309325946455,5.368421052631589,220.93011746968952,1.0141334922781011,0.8947368421052649,48810.116805170815
133,134.0,219.8421052631579,225.94736842105263,223.16666666666666,3.25,2.1384266587718503,4.572868574946139,6.10526315789474,223.17691184279357,1.0124137239617805,1.0175438596491233,49807.93397968605
134,135.0,222.89473684210526,227.26315789473685,225.30701754385962,2.1052631578947114,1.4881547277384726,2.2146044936903673,4.368421052631589,225.31193212744586,1.008660108449948,0.7280701754385982,50765.466759002775
135,136.0,225.10526315789474,228.73684210526315,226.96491228070178,1.8289473684210407,1.2446252561781008,1.5490920283164031,3.6315789473684106,226.96832487951917,1.0077919120506473,0.6052631578947351,51514.62049861496
136,137.0,226.57894736842104,228.73684210526315,228.01754385964912,1.1973684210526017,0.8230669547887639,0.6774392120652492,2.1578947368421098,228.0190293528132,1.0031480388039864,0.3684210526315799,51992.67774699908
137,138.0,227.94736842105263,228.73684210526315,228.44736842105263,0.44736842105260166,0.29734125011715934,0.08841181902123511,0.7894736842105203,228.44756192685261,1.0012662870024551,0.2280701754385935,52188.28855032317
138,139.0,227.05263157894737,228.68421052631578,228.03508771929822,1.118421052631561,0.6393286722206489,0.40874115112341797,1.6315789473684106,228.03598394178752,1.0028426504156192,0.27192982456140175,52000.409972299174
139,140.0,226.68421052631578,228.47368421052633,227.42105263157896,0.7894736842105203,0.6115236862432815,0.37396121883657135,1.7894736842105488,227.42187480819481,1.0046249262662996,0.2982456140350915,51720.70914127424
140,141.0,225.78947368421052,227.3684210526316,226.64912280701756,0.868421052631561,0.5722633835193052,0.3274853801169634,1.578947368421069,226.64984525600417,1.0031704226218014,0.26315789473684487,51370.15235457064
141,142.0,225.42105263157896,227.0,226.11403508771932,0.7236842105263008,0.5498397875163066,0.3023237919359772,1.5789473684210407,226.11470360735564,1.0039152535351334,0.2631578947368401,51127.859187442285
142,143.0,225.42105263157896,226.0,225.64912280701753,0.3552631578947114,0.22260662351665114,0.04955370883348406,0.5789473684210407,225.64923260956445,1.0015544807592698,0.11403508771929675,50917.57617728532
143,144.0,225.1578947368421,225.78947368421052,225.4298245614035,0.118421052631561,0.19077686992044865,0.03639581409664378,0.6315789473684106,225.42990528676373,1.0015950341503688,0.12280701754385841,50818.64219759926
144,145.0,225.1578947368421,226.26315789473685,225.60526315789477,0.5263157894736707,0.3923906885323676,0.15397045244690552,1.1052631578947398,225.60560439624587,1.0029146150879127,0.23684210526315988,50897.88873499539
145,146.0,225.1578947368421,226.89473684210526,226.02631578947367,0.9736842105263008,0.621817845559549,0.3866574330563191,1.7368421052631504,226.02717112505732,1.0038383248913376,0.31578947368421,51088.282086795945
146,147.0,226.0,228.10526315789474,226.87719298245614,1.0000000000000284,0.7227133306682827,0.5223145583256426,2.10526315789474,226.87834407487412,1.0054078280940544,0.3508771929824566,51473.78301015697
147,148.0,226.52631578947367,229.42105263157896,227.93859649122808,1.8947368421052602,1.0911448605946448,1.1905971068021068,2.8947368421052886,227.9412081381901,1.0064922201012978,0.4824561403508814,51957.194367497694
148,149.0,227.47368421052633,232.10526315789474,229.50877192982458,2.0263157894736707,1.5523094125069186,2.409664512157575,4.631578947368411,229.51402148288977,1.0112901236197378,0.7719298245614018,52676.686057248386
149,150.0,229.21052631578948,237.6315789473684,232.1491228070175,3.618421052631561,2.9103909531459617,8.47037550015386,8.421052631578931,232.16736548354046,1.0235356655421726,1.4035087719298218,53901.68559556786
150,151.0,230.73684210526315,241.8421052631579,236.19298245614036,7.671052631578931,4.278903850220717,18.309018159433673,11.10526315789474,236.23173787551505,1.023749422656321,1.8508771929824566,55805.43397968606
151,152.0,233.78947368421052,242.8421052631579,239.93859649122808,3.828947368421069,3.2366519223356263,10.475915666358905,9.05263157894737,239.9604259077874,1.0120089774989727,1.5087719298245617,57581.00600184672
152,153.0,241.05263157894737,243.52631578947367,242.4824561403509,1.0789473684210407,0.8296316678000413,0.6882887042166781,2.473684210526301,242.48387539084203,1.0042990091483461,0.41228070175438347,58798.429824561405
153,154.0,242.47368421052633,245.94736842105263,243.76315789473685,1.4342105263157805,1.1873253382752453,1.4097414589104258,3.473684210526301,243.76604949884492,1.0089484115064105,0.5789473684210501,59421.886888273315
154,155.0,243.1578947368421,248.31578947368422,245.5175438596491,3.328947368421069,1.930801188285774,3.727993228685757,5.15789473684211,245.52513585395573,1.011366060790568,0.8596491228070183,60282.592336103415
155,156.0,244.6315789473684,249.21052631578948,247.39473684210523,2.2894736842105203,1.617297427664157,2.615650969529099,4.578947368421069,247.40002317733126,1.0073181203267734,0.8421052631578997,61206.77146814405
156,157.0,245.1578947368421,249.21052631578948,247.86842105263156,0.9210526315789309,1.3149997630156829,1.7292243767313022,4.05263157894737,247.87190921825206,1.005400438887001,0.9561403508771965,61440.483379501384
157,158.0,236.21052631578948,249.21052631578948,244.70175438596493,6.85526315789474,4.798782804529469,23.028316405047715,13.0,244.74880370693162,1.018229803542576,2.1666666666666665,59901.97691597415
158,159.0,226.3684210526316,248.26315789473685,237.92105263157896,11.802631578947398,7.664162142602875,58.739381348107095,21.89473684210526,238.04446363372256,1.0429276703395116,3.649122807017543,56665.166666666664
159,160.0,217.8421052631579,240.6315789473684,229.01754385964912,11.67105263157896,7.843380719701737,61.51862111418894,22.78947368421052,229.1518143428511,1.0500967650526283,3.798245614035087,52510.5540166205
160,161.0,213.57894736842104,230.89473684210526,220.7719298245614,10.51315789473685,6.3873624844329004,40.798399507540836,17.31578947368422,220.86430992346547,1.045414430797423,2.92105263157895,48781.043397968606
161,162.0,213.57894736842104,225.57894736842104,218.14912280701753,6.75,4.399006925062372,19.3512619267467,12.0,218.1934715874835,1.0338482894433274,3.4298245614035117,47608.39104339797
162,163.0,213.57894736842104,237.73684210526315,224.02631578947367,20.21052631578948,10.423123575900156,108.64150507848566,24.15789473684211,224.26865958328523,1.06005378793008,4.026315789473685,50296.43167128347
163,164.0,174.68421052631578,237.73684210526315,217.02631578947367,22.53947368421052,21.434254951328715,459.42728531855954,63.05263157894737,218.08220704695492,1.0901248906293233,14.140350877192981,47559.84903047091
164,165.0,166.26315789473685,237.73684210526315,199.12280701754386,61.26315789473682,30.97047810422546,959.1705140043086,71.4736842105263,201.51690447342207,1.1797364728606086,11.94736842105263,40609.06278855031
165,166.0,166.26315789473685,210.68421052631578,175.5,6.25,15.996010294352361,255.8723453370267,44.42105263157893,176.22747329896387,1.1955242084694548,7.499999999999996,31056.122345337022
166,167.0,165.1578947368421,167.8421052631579,166.44736842105263,0.8157894736842195,0.8325943168187534,0.6932132963988867,2.6842105263157805,166.44945078788945,1.0083668313032954,0.640350877192977,27705.419667590028
167,168.0,163.3684210526316,166.8421052631579,165.359649122807,2.0394736842105203,1.2625790584085819,1.5941058787319011,3.473684210526301,165.3644691700626,1.0089356323066938,0.6052631578947351,27345.40766389658
168,169.0,163.3684210526316,165.89473684210526,164.5438596491228,0.868421052631561,0.8049171752248712,0.647891658971986,2.5263157894736707,164.545828387988,1.0081977675601512,0.614035087719292,27075.329639889194
169,170.0,163.3684210526316,170.42105263157896,165.37719298245614,1.2236842105263008,2.3538374920011784,5.540550938750398,7.05263157894737,165.3939433887931,1.0303947601694736,1.31578947368421,27355.156509695295
170,171.0,164.10526315789474,240.73684210526315,187.3245614035088,41.69736842105266,30.66385254461364,940.2718528778084,76.63157894736841,189.81771033782582,1.2682527972590893,12.771929824561402,36030.76315789474
171,172.0,165.6315789473684,244.73684210526315,213.80701754385962,59.82894736842104,33.53440738877891,1124.5564789165894,79.10526315789474,216.42087983814523,1.130837478751101,13.18421052631579,46837.997229916895
172,173.0,218.52631578947367,244.78947368421052,239.28070175438597,3.3289473684210407,9.38588293127011,88.0947983995076,26.26315789473685,239.46471353932486,1.0222360951063933,4.587719298245612,57343.34903047091
173,174.0,242.78947368421052,246.0,244.65789473684208,1.0789473684210407,1.0308043995175002,1.0625577100646342,3.2105263157894797,244.66006624452177,1.0054767162293623,0.7456140350877168,59858.548014773776
174,175.0,244.10526315789474,246.26315789473685,245.45614035087718,1.0657894736842195,0.7721291608654535,0.5961834410587893,2.1578947368421098,245.4573547877321,1.0032828639732616,0.3947368421052649,60249.31301939059
175,176.0,245.52631578947367,248.26315789473685,246.64912280701753,1.3947368421052602,1.0076652968964503,1.0153893505694114,2.736842105263179,246.65118116648415,1.0065354510796551,0.5263157894736897,60836.80517082179
176,177.0,246.05263157894737,258.05263157894734,249.59649122807016,3.7894736842105203,4.1363718614329255,17.109572176054083,11.999999999999972,249.63076333965765,1.0337373011507822,2.0350877192982417,62315.518005540165
177,178.0,247.78947368421052,263.1578947368421,255.11403508771932,12.2236842105263,6.333558094859974,40.113958140966304,15.368421052631561,255.1926426386134,1.0312127027482862,2.5614035087719267,65123.284856879036
178,179.0,251.1578947368421,263.57894736842104,260.2894736842105,4.3289473684210975,4.505741694539665,20.301708217913173,12.421052631578931,260.3284690905342,1.0124860653513712,2.0701754385964883,67770.91181902123
179,180.0,262.2631578947368,263.8421052631579,263.3421052631579,0.40789473684208133,0.5252181536815097,0.27585410895661394,1.5789473684210975,263.3426290188147,1.0018966782788044,0.2631578947368496,69349.34025854108
180,181.0,263.5263157894737,263.89473684210526,263.72807017543863,0.23684210526317884,0.14062473282352592,0.01977531548168805,0.368421052631561,263.728107667303,1.0006318218269419,0.07017543859648374,69552.51477377655
181,182.0,263.6842105263158,264.7368421052632,264.05263157894734,0.368421052631561,0.3621011831675538,0.13111726685134234,1.0526315789473983,264.05287985749027,1.0025902472570722,0.1929824561403469,69723.92336103418
182,183.0,263.8421052631579,264.7368421052632,264.34210526315786,0.6578947368420813,0.3605039050532332,0.12996306555863057,0.8947368421052602,264.3423510866619,1.0014923489065586,0.18421052631578996,69876.87857802401
183,184.0,264.3157894736842,264.7368421052632,264.5438596491228,0.21052631578942282,0.1446703728286882,0.020929516774391643,0.42105263157895934,264.5438992068643,1.000729341704637,0.12280701754386314,69983.47460757157
184,185.0,264.36842105263156,264.6842105263158,264.51754385964915,0.118421052631561,0.10267280623438195,0.010541705140042941,0.3157894736842195,264.51756378593564,1.0006300025525527,0.07894736842105961,69969.54155124653
185,186.0,264.3157894736842,264.6842105263158,264.4736842105263,0.14473684210526017,0.12154742509255215,0.014773776546629576,0.368421052631561,264.47371214104766,1.0007959142085012,0.14035087719298645,69946.34441366575
186,187.0,264.3157894736842,264.8421052631579,264.5263157894737,0.26315789473682116,0.18483603075180768,0.0341643582640832,0.5263157894736992,264.5263803659488,1.0011935478675977,0.20175438596491327,69974.20590951062
187,188.0,264.3157894736842,264.8421052631579,264.5964912280702,0.21052631578942282,0.1763136073880861,0.03108648815020017,0.5263157894736992,264.59654997126165,1.000928036635107,0.1929824561403469,70011.33425669438
188,189.0,264.42105263157896,264.8421052631579,264.6578947368421,0.1710526315789025,0.13841871787771615,0.019159741458910775,0.42105263157895934,264.6579309340244,1.0006958957492167,0.16666666666666666,70043.82040627884
189,190.0,264.57894736842104,264.94736842105266,264.7631578947369,0.263157894736878,0.14493606703385664,0.021006463527242586,0.36842105263161784,264.7631975650258,1.000695605951736,0.08771929824561653,70099.55078485688
190,191.0,264.57894736842104,265.2105263157895,264.9298245614035,0.23684210526317884,0.205345612468772,0.042166820560175095,0.631578947368439,264.9299041425044,1.0010592317775275,0.12280701754386314,70187.8541089566
191,192.0,264.94736842105266,265.2105263157895,265.03508771929825,0.14473684210526017,0.09924305700862768,0.009849184364417724,0.26315789473682116,265.03510630020406,1.0006618746400588,0.08771929824560705,70243.60757156048
192,193.0,264.94736842105266,265.2105263157895,265.0438596491228,0.131578947368439,0.093246893094156,0.008694983071712958,0.26315789473682116,265.0438760520359,1.0006287648152294,0.052631578947360445,70248.25623268698
193,194.0,264.94736842105266,265.1578947368421,265.0263157894737,0.09210526315786183,0.07286512160452435,0.005309325946442122,0.21052631578942282,265.0263258060749,1.0004964372138014,0.05263157894735097,70238.95337026776
194,195.0,264.94736842105266,266.0,265.22807017543863,0.1842105263157805,0.35653335847195683,0.12711603570329288,1.0526315789473415,265.2283098106669,1.0029095317535448,0.1754385964912236,70346.05632502308
195,196.0,265.05263157894734,266.10526315789474,265.57894736842104,0.8157894736842195,0.44348156700929464,0.1966759002770195,1.0526315789473983,265.579317645819,1.0019803707485126,0.1929824561403469,70532.37396121884
196,197.0,265.2105263157895,266.10526315789474,265.89473684210526,0.118421052631561,0.31137262016313694,0.09695290858725715,0.8947368421052602,265.8949191564987,1.0007910794311652,0.2017543859649038,70700.10803324099
197,198.0,265.94736842105266,266.36842105263156,266.1140350877193,0.118421052631561,0.13389769756554656,0.017928593413354576,0.4210526315789025,266.1140687736395,1.0009558016987385,0.10526315789473036,70816.69759926132
198,199.0,266.0,266.36842105263156,266.2105263157894,0.1973684210526585,0.13245323570650439,0.01754385964912281,0.368421052631561,266.210559266888,1.0005929959584559,0.07017543859648374,70868.06186518929
199,200.0,266.1578947368421,266.36842105263156,266.29824561403507,0.0,0.06564311204867257,0.004309018159434582,0.21052631578947967,266.2982537046218,1.000263491581464,0.043859649122803525,70914.75992613113
200,201.0,266.3157894736842,266.3157894736842,266.3157894736842,0.0,0.0,0.0,0.0,266.3157894736842,1.0,0.0,70924.0997229917
201,202.0,266.3157894736842,266.3157894736842,266.3157894736842,0.0,0.0,0.0,0.0,266.3157894736842,1.0,0.0,70924.0997229917
202,203.0,266.3157894736842,266.3157894736842,266.3157894736842,0.0,0.0,0.0,0.0,266.3157894736842,1.0,0.0,70924.0997229917
203,204.0,266.05263157894734,266.3157894736842,266.2456140350877,0.11842105263161784,0.10379087338772833,0.010772545398587453,0.263157894736878,266.24563426555244,1.0002634980600726,0.043859649122813,70886.7377654663
204,205.0,266.05263157894734,266.3157894736842,266.17543859649123,0.1973684210526585,0.1081476140871904,0.011695906432751863,0.263157894736878,266.17546056678646,1.0005272045236588,0.06140350877193631,70849.3758079409
205,206.0,266.05263157894734,266.5263157894737,266.2105263157894,0.1973684210526585,0.16643566632466825,0.02770083102493631,0.4736842105263577,266.2105783438379,1.0011860439491176,0.09649122807018291,70868.07202216066
206,207.0,266.05263157894734,266.5263157894737,266.3333333333333,0.30263157894739834,0.17891296538923768,0.03200984918437056,0.4736842105263577,266.3333934269108,1.0007243641515642,0.09649122807018291,70933.47645429363
207,208.0,266.3157894736842,266.5263157894737,266.4035087719298,0.1842105263157805,0.09447657556376592,0.008925823330255971,0.21052631578947967,266.4035255243801,1.0004609183187494,0.07017543859649322,70970.83841181903
208,209.0,266.3157894736842,266.5263157894737,266.36842105263156,0.07894736842104066,0.08039606482378896,0.006463527239150876,0.21052631578947967,266.36843318531436,1.0005927226521225,0.03508771929824661,70952.14219759927
209,210.0,266.3157894736842,266.3157894736842,266.3157894736842,0.0,0.0,0.0,0.0,266.3157894736842,1.0,0.0,70924.0997229917
210,211.0,266.3157894736842,266.3157894736842,266.3157894736842,0.0,0.0,0.0,0.0,266.3157894736842,1.0,0.0,70924.0997229917
211,212.0,266.3157894736842,266.5263157894737,266.35087719298247,0.0,0.07845852552631064,0.006155740227762737,0.21052631578947967,266.35088874867955,1.000658631332594,0.03508771929824661,70942.79593721146
212,213.0,266.3157894736842,266.8421052631579,266.50000000000006,0.32894736842104066,0.20553288620807145,0.04224376731302005,0.5263157894736992,266.5000792565873,1.0012833992677403,0.08771929824561653,71022.29224376731
213,214.0,266.3157894736842,266.94736842105266,266.6929824561404,0.27631578947369917,0.21576094519735448,0.0465527854724558,0.631578947368439,266.6930697339859,1.0009535256664914,0.10526315789473983,71125.19344413666
214,215.0,266.6842105263158,267.2631578947368,266.921052631579,0.10526315789473983,0.17653168243418693,0.031163434903044622,0.5789473684210407,266.92111100732564,1.0012814531084497,0.09649122807017345,71246.87950138505
215,216.0,266.8421052631579,267.4736842105263,267.1491228070176,0.4342105263157805,0.24764200374547812,0.0613265620190754,0.6315789473683822,267.14923758663616,1.0012144770721456,0.10526315789473036,71368.71514312096
216,217.0,266.94736842105266,267.5263157894737,267.35087719298247,0.17105263157895934,0.19848611401726873,0.039396737457676204,0.5789473684210407,267.3509508728081,1.0006559352644646,0.09649122807017345,71476.53093259464
217,218.0,267.42105263157896,268.0,267.6140350877193,0.25,0.20979404812458555,0.044013542628500914,0.5789473684210407,267.6141173209547,1.001441936931087,0.09649122807017345,71617.31578947368
218,219.0,267.4736842105263,268.2105263157895,267.8684210526316,0.5657894736841627,0.29734125011716606,0.0884118190212391,0.7368421052631788,267.86858608102773,1.0012765223416618,0.12280701754386314,71753.57940904895
219,220.0,267.7894736842105,268.2105263157895,268.0964912280702,0.17105263157895934,0.15617977030495744,0.02439212065250927,0.42105263157895934,268.0965367193753,1.0004251811597755,0.087719298245626,71875.75300092336
220,221.0,268.1578947368421,268.42105263157896,268.2456140350877,0.03947368421052033,0.08413739514584352,0.007079101261927813,0.263157894736878,268.2456272302729,1.000653973013903,0.05263157894737939,71955.71652816252
221,222.0,268.1578947368421,268.42105263157896,268.3157894736842,0.1973684210526585,0.10956136839296657,0.012003693444139334,0.263157894736878,268.31581184227645,1.00039222731072,0.043859649122813,71993.37488457988
222,223.0,268.2631578947368,268.42105263157896,268.39473684210526,0.0,0.05884389414474357,0.0034626038781177867,0.15789473684213817,268.39474329268603,1.000098024792029,0.026315789473689694,72035.73822714684
223,224.0,268.42105263157896,268.42105263157896,268.42105263157896,0.0,0.0,0.0,0.0,268.42105263157896,1.0,0.0,72049.86149584489
224,225.0,268.42105263157896,268.42105263157896,268.42105263157896,0.0,0.0,0.0,0.0,268.42105263157896,1.0,0.0,72049.86149584489
225,226.0,268.2105263157895,268.42105263157896,268.3684210526316,0.07894736842104066,0.08039606482378896,0.006463527239150876,0.21052631578947967,268.3684330948962,1.0001960720047285,0.03508771929824661,72021.61588180979
226,227.0,267.94736842105266,268.42105263157896,268.2192982456141,0.3421052631578618,0.1883413206454712,0.0354724530624802,0.47368421052630083,268.2193643714464,1.0007519526437072,0.07894736842105014,71941.62742382272
227,228.0,267.94736842105266,268.3157894736842,268.0789473684211,0.21052631578947967,0.13841871787771073,0.019159741458909276,0.368421052631561,268.07898310367807,1.0008833455247574,0.07894736842104066,71866.34118190211
228,229.0,267.94736842105266,268.2105263157895,268.06140350877195,0.21052631578947967,0.11130331175832295,0.01238842720837043,0.26315789473682116,268.0614266162139,1.0005562146760827,0.052631578947360445,71856.92843951985
229,230.0,267.7368421052632,268.2105263157895,268.03508771929825,0.19736842105260166,0.1626950613244784,0.026469682979375783,0.47368421052630083,268.0351370965659,1.0006543515940614,0.12280701754385366,71842.83471837488
230,231.0,267.2631578947368,268.2105263157895,267.7894736842105,0.7894736842105203,0.4042708288351977,0.16343490304709773,0.9473684210526585,267.78977883961426,1.0015711857188814,0.15789473684210975,71711.36565096953
231,232.0,267.1578947368421,268.05263157894734,267.46491228070175,0.36842105263161784,0.3207457069961816,0.10287780855648038,0.8947368421052602,267.46510460082834,1.0021966490880962,0.16666666666667615,71537.58217913203
232,233.0,267.1578947368421,267.3157894736842,267.2456140350877,0.03947368421052033,0.049621528504323886,0.002462296091105428,0.15789473684213817,267.24561864189127,1.000262570560182,0.05263157894737939,71420.22068328717
233,234.0,267.1578947368421,267.42105263157896,267.29824561403507,0.17105263157895934,0.09924305700864944,0.009849184364422042,0.263157894736878,267.2982640376203,1.000459369215886,0.0701754385965027,71448.36195752538
234,235.0,267.2105263157895,267.4736842105263,267.359649122807,0.131578947368439,0.09324689309416491,0.00869498307171462,0.26315789473682116,267.359665383643,1.0004264623338741,0.06140350877193631,71481.19067405355
235,236.0,267.36842105263156,267.8421052631579,267.5438596491228,0.25,0.17891296538923213,0.032009849184368576,0.4736842105263577,267.5439194708015,1.001114530253374,0.087719298245626,71579.7488457987
236,237.0,267.36842105263156,267.94736842105266,267.7105263157895,0.34210526315791867,0.21647302946059488,0.046860572483847576,0.5789473684210975,267.71061383675,1.000884367567313,0.10526315789474931,71668.97276084949
237,238.0,267.36842105263156,267.94736842105266,267.72807017543863,0.263157894736878,0.2002230212370897,0.04008925823330808,0.5789473684210975,267.7281450447876,1.000818828279068,0.13157894736842954,71678.35964912282
238,239.0,266.8421052631579,267.94736842105266,267.43859649122805,0.7236842105263008,0.41627405325279454,0.1732840874115104,1.1052631578947398,267.43892046088826,1.001901174142074,0.18421052631578996,71523.57617728533
239,240.0,266.7894736842105,267.57894736842104,267.09649122807014,0.3947368421052033,0.2841076270298447,0.08071714373652934,0.7894736842105203,267.0966423291208,1.0018057323188134,0.16666666666666666,71340.6163434903
240,241.0,266.7894736842105,267.4736842105263,267.07894736842104,0.3947368421052033,0.25559302253215627,0.06532779316712334,0.6842105263157805,267.07906966892216,1.001477519530427,0.14912280701754335,71331.22945521699
241,242.0,266.7894736842105,267.4736842105263,267.1140350877193,0.3421052631578618,0.2381381045701356,0.05670975684825683,0.6842105263157805,267.11414124040715,1.0013460274639505,0.2017543859649038,71349.96445060018
242,243.0,265.4736842105263,267.4736842105263,266.7982456140351,0.7499999999999432,0.6824651602705237,0.46575869498307165,2.0,266.7991184794694,1.0025283656666533,0.3508771929824566,71181.76962142198
243,244.0,262.0,267.10526315789474,265.3421052631579,2.368421052631618,1.8058461541366115,3.2610803324099904,5.10526315789474,265.34825024073024,1.0066215357198343,0.8508771929824567,70409.69390581718
244,245.0,254.78947368421052,266.42105263157896,261.8421052631579,5.934210526315837,4.120081219111779,16.975069252077606,11.631578947368439,261.8745179621239,1.0173615008624575,1.938596491228073,68578.26315789473
245,246.0,253.52631578947367,264.10526315789474,257.7456140350877,7.026315789473699,4.102947690089978,16.83417974761469,10.578947368421069,257.7782685450269,1.0245443289249292,1.8070175438596532,66449.63573407201
246,247.0,253.52631578947367,258.63157894736844,255.57017543859646,3.44736842105263,2.0777626352600094,4.317097568482619,5.105263157894768,255.57862131110159,1.0119452778194256,1.6403508771929864,65320.43167128347
247,248.0,253.52631578947367,263.94736842105266,257.780701754386,7.48684210526315,4.185607917013328,17.519313634964647,10.421052631578988,257.81468055682683,1.0237871941620256,1.7368421052631646,66468.40951061866
248,249.0,254.42105263157896,265.6842105263158,261.6491228070176,5.052631578947398,3.950252357807821,15.60449369036625,11.263157894736821,261.67894061114686,1.0153060460494632,1.8771929824561369,68475.86795937213
249,250.0,262.36842105263156,266.2105263157895,264.8508771929824,1.7894736842105203,1.3519305530889878,1.8277162203754964,3.8421052631579187,264.8543276333476,1.0051205456771668,0.6403508771929864,70147.81486611265
250,251.0,264.8421052631579,266.57894736842104,265.9736842105263,0.631578947368439,0.5835146796337637,0.34048938134809387,1.736842105263122,265.97432429071443,1.0022732385139768,0.28947368421052033,70742.34118190213
251,252.0,266.05263157894734,267.36842105263156,266.59649122807014,0.5394736842105203,0.4368385823855694,0.19082794706063388,1.3157894736842195,266.59684912441395,1.0028941524656112,0.21929824561403657,71073.87996306554
252,253.0,266.4736842105263,267.8421052631579,267.08771929824564,0.7105263157894797,0.4830140315065417,0.23330255463220245,1.3684210526316178,267.08815605056895,1.00282284779579,0.22807017543860297,71336.08310249307
253,254.0,266.89473684210526,268.0,267.5701754385965,0.5526315789473983,0.3955158006173967,0.1564327485380203,1.1052631578947398,267.57046775941075,1.0016053051152696,0.18421052631578996,71593.95521698985
254,255.0,267.36842105263156,268.10526315789474,267.89473684210526,0.21052631578942282,0.25241218543751875,0.06371191135734436,0.7368421052631788,267.8948557542907,1.0007854103917435,0.12280701754386314,71767.6537396122
255,256.0,267.94736842105266,268.42105263157896,268.14035087719304,0.19736842105260166,0.15983216805515832,0.02554632194521237,0.47368421052630083,268.1403985132903,1.001046668535755,0.07894736842105014,71899.27331486612
256,257.0,268.10526315789474,268.42105263157896,268.280701754386,0.26315789473682116,0.13475694294506466,0.01815943367189941,0.3157894736842195,268.28073559847616,1.0005230231413738,0.06140350877193631,71974.55309325947
257,258.0,268.2631578947368,268.42105263157896,268.359649122807,0.07894736842104066,0.05616775646871745,0.003154816866729151,0.15789473684213817,268.3596550007712,1.000228788603889,0.043859649122813,72016.90443213296
258,259.0,268.2105263157895,268.42105263157896,268.3157894736842,0.13157894736838216,0.08039606482378275,0.006463527239149879,0.21052631578947967,268.315801518311,1.0003922658027309,0.03508771929824661,71993.36934441367
259,260.0,268.2105263157895,268.42105263157896,268.3070175438597,0.118421052631561,0.07697337181922755,0.005924899969221053,0.21052631578947967,268.30702858512853,1.0004249759950445,0.06140350877192683,71988.66158818098
260,261.0,268.2105263157895,268.42105263157896,268.3333333333333,0.1842105263157805,0.0944765755637659,0.008925823330255968,0.21052631578947967,268.33334996530175,1.000326842214315,0.03508771929824661,72002.78670360112
261,262.0,268.3157894736842,268.42105263157896,268.4035087719298,0.0,0.03922926276315532,0.0015389350569406843,0.10526315789473983,268.40351163876096,1.0000653530675172,0.017543859649123306,72040.4450600185
262,263.0,268.2105263157895,268.42105263157896,268.3684210526316,0.07894736842104066,0.08039606482378896,0.006463527239150876,0.21052631578947967,268.3684330948962,1.0001960720047285,0.03508771929824661,72021.61588180979
263,264.0,267.94736842105266,268.42105263157896,268.2192982456141,0.3421052631578618,0.1883413206454712,0.0354724530624802,0.47368421052630083,268.2193643714464,1.0007519526437072,0.07894736842105014,71941.62742382272
264,265.0,267.94736842105266,268.3157894736842,268.14035087719304,0.22368421052630083,0.13475694294505602,0.018159433671897086,0.368421052631561,268.14038473899797,1.0006541526180661,0.11403508771928728,71899.26592797785
265,266.0,267.94736842105266,268.42105263157896,268.1929824561404,0.35526315789473983,0.1889531511275239,0.03570329332102089,0.47368421052630083,268.1930490188233,1.000850147360604,0.08771929824560705,71927.51154201293
266,267.0,268.10526315789474,268.42105263157896,268.3157894736842,0.15789473684213817,0.1176877882894702,0.013850415512467159,0.3157894736842195,268.3158152835981,1.0003922144800508,0.07894736842105961,71993.37673130195
267,268.0,268.0,268.42105263157896,268.2719298245614,0.27631578947369917,0.16758748398722256,0.02808556478916758,0.42105263157895934,268.2719821698852,1.0005556691402808,0.07017543859649322,71969.85641735919
268,269.0,267.5263157894737,268.42105263157896,268.0087719298246,0.4210526315789025,0.3029809831433357,0.09179747614650229,0.8947368421052602,268.0089431881124,1.001537670491754,0.14912280701754335,71828.79362880887
269,270.0,266.6842105263158,268.10526315789474,267.4736842105263,0.9605263157894797,0.5536748715108655,0.3065558633425734,1.4210526315789593,267.47425726790175,1.0023591275528283,0.23684210526315988,71542.4783010157
270,271.0,266.4736842105263,267.7368421052632,266.9561403508772,0.7763157894736992,0.4922451875999467,0.2423053247153067,1.263157894736878,266.956594180331,1.0029227520201471,0.21929824561404607,71265.82317636196
271,272.0,266.4736842105263,266.8421052631579,266.6842105263158,0.22368421052630083,0.13925006900340345,0.019390581717452622,0.36842105263161784,266.68424688126225,1.0005919299086532,0.11403508771930622,71120.48753462604
272,273.0,266.4736842105263,266.94736842105266,266.72807017543863,0.236842105263122,0.17032006876270675,0.029008925823333157,0.4736842105263577,266.7281245546474,1.0008219750608276,0.10526315789474931,71143.89242843952
273,274.0,266.42105263157896,266.94736842105266,266.7456140350877,0.118421052631561,0.16480959849172266,0.027162203755002834,0.5263157894736992,266.74566494914166,1.0007561640109484,0.11403508771930622,71153.24976915975
274,275.0,266.42105263157896,266.94736842105266,266.7368421052632,0.131578947368439,0.1636382290015628,0.02677746999076791,0.5263157894736992,266.7368922998056,1.0007890776541344,0.15789473684210975,71148.56971375809
275,276.0,266.42105263157896,267.7894736842105,266.93859649122805,0.381578947368439,0.43868420175613204,0.19244382887041475,1.368421052631561,266.9389569555848,1.003186184355876,0.271929824561397,71256.40674053556
276,277.0,266.7368421052632,268.42105263157896,267.56140350877195,1.3421052631579187,0.6940365068369279,0.481686672822405,1.6842105263157805,267.5623036495551,1.003209529034212,0.2807017543859634,71589.5863342567
277,278.0,267.1578947368421,268.42105263157896,268.10526315789474,0.4736842105263577,0.4823763889427337,0.23268698060943152,1.263157894736878,268.10569710460203,1.0011762358293113,0.21052631578947967,71880.6648199446
278,279.0,268.3157894736842,268.42105263157896,268.39473684210526,0.03947368421052033,0.04019803241189758,0.0016158818097879685,0.10526315789473983,268.3947398523763,1.0000980376113822,0.017543859649123306,72035.73638042474
279,280.0,268.0,268.42105263157896,268.2631578947368,0.28947368421052033,0.1718940170374238,0.029547553093262142,0.42105263157895934,268.2632129666861,1.0005883761069858,0.07894736842105014,71965.1514312096
280,281.0,268.0,268.36842105263156,268.17543859649123,0.22368421052635767,0.13475694294506466,0.01815943367189941,0.368421052631561,268.1754724538658,1.0007194863758428,0.09649122807017345,71918.08402585411
281,282.0,268.0,268.2631578947368,268.1228070175439,0.11842105263161784,0.08945648269460908,0.008002462296090895,0.26315789473682116,268.1228219406721,1.0005234017494258,0.07017543859648374,71889.84764542936
282,283.0,268.10526315789474,268.42105263157896,268.2543859649123,0.25,0.13040411181858677,0.017005232379194483,0.3157894736842195,268.25441766100425,1.000621182577449,0.10526315789473036,71960.4325946445
283,284.0,268.10526315789474,268.42105263157896,268.3421052631579,0.11842105263161784,0.12059409723568654,0.01454293628809022,0.3157894736842195,268.3421323609098,1.0002941031658907,0.07894736842105014,72007.50000000001
284,285.0,268.42105263157896,268.42105263157896,268.42105263157896,0.0,0.0,0.0,0.0,268.42105263157896,1.0,0.0,72049.86149584489
285,286.0,268.42105263157896,268.42105263157896,268.42105263157896,0.0,0.0,0.0,0.0,268.42105263157896,1.0,0.0,72049.86149584489
286,287.0,268.0,268.42105263157896,268.2982456140351,0.23684210526317884,0.1763136073880908,0.031086488150201826,0.42105263157895934,268.29830354673743,1.0004575097315893,0.07017543859649322,71983.97968605725
287,288.0,267.2105263157895,268.42105263157896,267.93859649122805,0.7368421052631788,0.4552116050992728,0.20721760541705628,1.2105263157894797,267.9389831795563,1.0017991762389409,0.20175438596491327,71791.29870729455
288,289.0,267.1578947368421,268.10526315789474,267.5263157894737,0.6578947368420813,0.38676153833418925,0.14958448753462855,0.9473684210526585,267.52659535899744,1.0021630290555628,0.15789473684210975,71570.47922437674
289,290.0,267.05263157894734,267.4736842105263,267.20175438596493,0.09210526315791867,0.1338976975655602,0.017928593413358222,0.42105263157895934,267.2017879347572,1.0010175690734355,0.07017543859649322,71396.79547553095
290,291.0,266.8421052631579,267.2105263157895,267.05263157894734,0.1710526315789025,0.12528821804459905,0.015697137580790995,0.368421052631561,267.05266096854115,1.000591139390545,0.06140350877192683,71317.12373037857
291,292.0,266.36842105263156,267.10526315789474,266.8157894736842,0.38157894736838216,0.2627189321381102,0.06902123730378895,0.7368421052631788,266.8159188161431,1.0010844343284893,0.12280701754386314,71190.73453370268
292,293.0,266.05263157894734,266.94736842105266,266.51754385964915,0.4473684210526585,0.30901605182121966,0.09549092028317471,0.894736842105317,266.5177230052446,1.0016120707132097,0.14912280701755284,71031.69667590027
293,294.0,265.63157894736844,266.57894736842104,266.14912280701753,0.38157894736838216,0.31050649158644306,0.09641428131732183,0.9473684210526017,266.1493039352653,1.0016142947841795,0.2105263157894702,70835.45198522623
294,295.0,265.63157894736844,266.3157894736842,266.0964912280702,0.3421052631578618,0.2531731524502037,0.06409664512157409,0.6842105263157805,266.09661166676955,1.0008236775565904,0.2280701754385935,70807.40674053556
295,296.0,265.63157894736844,266.3157894736842,266.14035087719293,0.27631578947369917,0.2643248977775276,0.06986765158510042,0.6842105263157805,266.14048213807496,1.0006587022545421,0.11403508771929675,70830.756232687
296,297.0,266.3157894736842,266.3157894736842,266.3157894736842,0.0,0.0,0.0,0.0,266.3157894736842,1.0,0.0,70924.0997229917
297,298.0,266.3157894736842,266.3157894736842,266.3157894736842,0.0,0.0,0.0,0.0,266.3157894736842,1.0,0.0,70924.0997229917
298,299.0,266.1578947368421,266.3157894736842,266.2631578947368,0.11842105263161784,0.0744322927564942,0.0055401662049884585,0.15789473684213817,266.2631682982905,1.0001976284430552,0.026315789473689694,70896.07479224377
299,300.0,265.6842105263158,266.3157894736842,266.0964912280702,0.27631578947369917,0.2220875245819683,0.04932286857494637,0.631578947368439,266.096583906594,1.000823781966202,0.10526315789473983,70807.39196675901
300,301.0,265.6842105263158,266.2631578947368,266.0087719298246,0.2894736842104635,0.2025157259756927,0.04101261926746186,0.5789473684210407,266.00884901866084,1.0009560166025084,0.1754385964912236,70760.70775623269
301,302.0,265.6842105263158,266.6842105263158,266.15789473684214,0.5921052631578618,0.36337395047732823,0.13204062788549978,1.0,266.158142786156,1.0019765231852493,0.21052631578947967,70840.1569713758
302,303.0,265.8421052631579,266.6842105263158,266.3684210526316,0.2105263157895365,0.2666435816415832,0.07109879963065165,0.8421052631578618,266.36855451211136,1.0011850348280884,0.1842105263157805,70952.20683287164
303,304.0,266.42105263157896,266.6842105263158,266.49122807017545,0.09210526315791867,0.09447657556375712,0.008925823330254308,0.26315789473682116,266.49124481711135,1.0007240977441374,0.07017543859648374,71017.58356417359
304,305.0,266.42105263157896,266.63157894736844,266.4912280701754,0.13157894736838216,0.08413739514583563,0.007079101261926484,0.21052631578947967,266.49124135222814,1.0005266124110803,0.043859649122803525,71017.58171745153
305,306.0,266.42105263157896,266.63157894736844,266.51754385964915,0.19736842105260166,0.09807315690788533,0.009618344105878696,0.21052631578947967,266.51756190413437,1.000427803115185,0.07017543859649322,71031.6108033241
306,307.0,266.3157894736842,266.63157894736844,266.48245614035085,0.2763157894736423,0.1373024196710403,0.01885195444752247,0.3157894736842195,266.4824915121976,1.0005594642797162,0.06140350877193631,71012.91828254847
